"Ticket ID","Title","Group","Requirement IDs","Existing APIs used","API prerequisite (backend work NOT in the 104-ticket backlog)","Backend authorization behavior","Loading/error/empty states","Accessibility","Responsive","Test evidence","Explicit exclusions","Status"
"ACBP-FE-001","Design tokens and primitive components","F0","NFR-012","none","none","none","Skeletons and an error boundary ship here because every later screen consumes them","Focus-visible on every interactive primitive; contrast pairs asserted against WCAG 2.1 AA","Token scale defined mobile-first","Component unit tests per primitive; axe pass over a kitchen-sink page","Dark theme is IN scope and is the DEFAULT (owner ruling 2026-08-15: Berry visual language, dark-first, tokens sized so a light theme can be added later without rework); light theme deferred; no paid icon set","Done"
"ACBP-FE-002","Application shell: sidebar, top bar, company switcher, mobile drawer","F0","NFR-012","GET /api/companies","none","The switcher lists only companies the caller can see; the server decides and the shell never filters client-side","Skeleton before the company list resolves; honest empty state when the caller has no companies","Keyboard-reachable nav; focus trap in the mobile drawer; skip-to-content","Sidebar collapses to a drawer under the tablet breakpoint","Route test for the shell; drawer keyboard test; axe pass","No notification centre; no global search","Done"
"ACBP-FE-003","Sign-in and sign-up surfaces","F1","NFR-001","/sign-in, /sign-up, /auth-check","none","Clerk owns the credential exchange; the app never handles a password","Bounded error envelope on a failed exchange","Labels bound to inputs; errors associated by aria-describedby","Single column at all widths","DELIVERED by ACBP-FE-003 (squash 0243d52) and CORRECTED by squash 86117c0 after an independent adversarial review returned 13 findings. THE EVIDENCE LINE ASKS FOR A MECHANISM THIS APP DELIBERATELY DOES NOT HAVE: there are no ""authenticated and unauthenticated redirects"" because clerkMiddleware ""protects NOTHING automatically"" (proxy.ts, its own words), enforcement is explicit per handler, and console screens that read real data render an honest refusal instead of bouncing. apps/web/src/app/(site)/auth-surfaces.test.ts pins that decision against NINE redirect idioms - including the three that name no path at all (redirectToSignIn, RedirectToSignIn, auth.protect()) and router.push, already this repo's own navigation idiom - and scans next.config.ts, which can declare async redirects() and sat outside the original scan root. Four mutations applied, four killed, each AssertionError read from the run. THE FIRST VERSION OF THIS GUARD WAS LARGELY VACUOUS AND THAT IS RECORDED RATHER THAN QUIETLY FIXED: it caught one spelling nobody would write; its refusal sweep matched a FILENAME so it checked four of six surfaces while its name said ""every"" (portfolio-view.ts and company-view.ts hold their refusal copy in .ts view builders); and its toContain('unauthenticated') ran on RAW TEXT including header comments, so deleting the real COPY arm from provisioning-refusal.tsx left it green - the mutation that supposedly proved it had been run against a different file. NOT MET AND DISCLOSED rather than implied: the label/aria-describedby binding and the bounded envelope on a failed credential exchange are Clerk's DOM and Clerk's exchange, unreachable from this app (SignInProps exposes appearance only; @clerk/elements is not a dependency). A THIRD ""disclosure"" WAS REMOVED AS FALSE - appearance.elements exposes socialButtonsRoot, so code here CAN reach those buttons; that line is in any case this row's Explicit exclusions cell, not a criterion. A FALSE CLAIM SHIPPED IN 0243d52 AND IS CORRECTED IN 86117c0: ""every console screen renders an honest unauthenticated refusal"" is not true of /console itself, which has no authorization check on the page or its layout; it is entirely mock and says so on screen so nothing real leaks, and a test now pins that premise so the day it reads real data the guard fails. FRAME DEFECTS FIXED: globals.css clamps main to 40rem so the auth ground painted a 640px stripe under a full-width header; the six design tokens site.css used were declared ONLY in console.css, which these routes never import, so every var() fell through to a literal and a light theme would have flipped /console alone (tokens moved to globals.css, fallbacks removed so an absent token breaks visibly); and 100vh under a sibling header guaranteed a scrollbar on every visit. Exact-head CI green at zero skips: 32130057599 on 582c77a, and 32133786383 on 89f06cf at 298 files / 4453 tests.","No social-provider buttons until ACBP-P0-007 is wired","Done"
"ACBP-FE-004","Portfolio and company switching","F1","NFR-011","GET /api/companies, GET /api/companies/[companyId]","none","Cross-company reads are refused by the server; the UI must not paper over a 403 or 404","Empty portfolio invites creation rather than showing zeroes","Switcher is a listbox with roving focus","Card grid collapses to one column","CROSS-COMPANY ISOLATION TEST: switch A to B to A and assert no cached A data renders under B","No archive or favourite","Done"
"ACBP-FE-005","Company creation and provisioning progress","F1","NFR-011","POST /api/companies, GET provisioning, POST provisioning/resume","none","Provisioning is server-driven and resumable; the UI polls and offers resume, never re-running steps itself","Progress shows real step state; a stalled run offers resume rather than spinning forever","Live region announces step transitions","Full-width stepper on mobile","Route test covering create, poll and resume","No template gallery","Done"
"ACBP-FE-006","Company profile, settings, pause and resume","F1","NFR-011","GET /api/companies/[companyId], POST pause, POST resume","none","Pause and resume are owner-only; a viewer sees the control disabled with a plain-language reason and the server refuses regardless","Paused state is visible in the shell, not only on this page","Destructive confirmation dialog with focus return","Form single-column on mobile","Route tests for owner and viewer; a paused company renders its banner","No deletion UI; export/delete is a later ticket","Done"
"ACBP-FE-007","Interview session: batched questions, why-this-question, pause and resume","F2","DISC-001;DISC-002","interview, interview/qa, questions/[questionId]/answer, interview/suspend, interview/resume","REQUIRED, and this cell previously said none - corrected 2026-08-18 by ACBP-FE-007. Every route this row needs for the SESSION half exists. What is absent is an HTTP route that GENERATES a question: generateAdaptiveBatch, evaluateAnswer and suggestAssumptionForSkip are core use cases with ZERO references anywhere under apps/web, and INTERVIEW.md:141-143 records the orchestration routes as deferred behind the live-provider owner gate. Verified by enumerating all 36 route.ts files, not by a glob - a bracket path like [companyId] is read as a character class and silently matches nothing. Consequence: a founder who starts an interview gets an empty question list permanently, so the screen ships with no next-question control and an empty state that never claims completion.","Question selection and batching are server decisions; the UI renders what it is given and never invents a next question","A suspended session resumes at the same question; an empty batch is an honest end-of-interview state","Question group is a fieldset with a legend; progress announced politely","One question per screen on mobile","DELIVERED by ACBP-FE-007 (squash 41160b3): 87 tests over the view mapper and the two interpreters, every load-bearing behaviour mutation-tested rather than trusted green; plus a contract-alignment suite driving the real toCompaniesResponse, carrying the first assertions anywhere that rationale and source survive serialization to an HTTP body. DECLINED as duplication: route tests for answer/suspend/resume already exist at three layers and are cited rather than restated; this slice adds no route. NOT MET and disclosed: batched questions (no batch grouping exists on the wire) and the completing E2E (there is no completion state to reach, and no DOM harness exists in any package.json). REVIEW: an independent five-lens adversarial pass ran before this was called done and confirmed 21 findings (18 others refuted), all closed in 7c36db2 - including that the first commit rendered a FAILED question-list read as a positive server assertion that no questions exist, which is the exact defect this slice was built to prevent. Exact-head CI green at zero skips on both commits: 32069651328 on 6097130 and 32072993347 on 7c36db2.","No voice input; no attachment upload","Done"
"ACBP-FE-008","Vague-answer handling and the I-do-not-know assumption path","F2","DISC-003","questions/[questionId]/answer","CONTRADICTS THE CODE, corrected 2026-08-18 during ACBP-FE-013. This cell read ""none"" and the row is Planned, but DISC-003 does not cross the wire: AnswerVerdict (clear|vague|contradictory) and AssumptionSuggestion exist in packages/contracts/src/interview/orchestration-types.ts and are referenced in exactly ONE place outside contracts - packages/core/src/discovery/orchestration-plan.ts, a plan rather than a wired use case. Zero references in apps/web. POST .../questions/{questionId}/answer returns an AnswerDTO carrying no verdict and no assumption, so a screen cannot render a re-ask or an assumption because the server never says one is needed. Verified by scanning 597 non-contract source files. REQUIRED: the answer response must carry the adaptive verdict and any suggested assumption. MET by ACBP-API-013, merged 2026-08-19 as 918c986 (PR #152): POST .../interview/questions/{questionId}/evaluate returns the verdict and POST .../assumption returns the assumption. Both are metered, member-level gated (interview:participate), and the UI does no scoring.","The server classifies an answer as vague and decides whether to re-ask; the UI must not implement its own heuristic","A re-ask is labelled as such; an assumption is shown as an assumption","Assumption chips are readable text, not colour-only","Stacks under the question","Tests for re-ask and assumption rendering","No client-side answer scoring","Done"
"ACBP-FE-009","Understanding document with classified items and confidence","F2","DISC-006;DISC-008","GET interview (understanding surface)","CONTRADICTS THE CODE, corrected 2026-08-18 during ACBP-FE-013. This cell read ""none"" and Existing APIs used claims ""GET interview (understanding surface)"", but getInterviewForRequest returns { status: interview, session } and nothing else - the session DTO only. No understanding document, no classified items, no confidence. packages/contracts/src/understanding/understanding.ts exists and no route file references it; enumerating all 37 route.ts files finds none matching understanding. REQUIRED: an HTTP route exposing the understanding document with its classified items, plus the confirm gate and DISC-008 staleness this row asks for. MET by ACBP-API-013, merged 2026-08-19 as 918c986 (PR #152): GET .../understanding returns the document with classified items and confidence. The confirm GATE is reported (confirmed + superseded, the DISC-008 supersession); the confirm/review WRITES still reach no HTTP route, and the screen names that gap rather than rendering inert controls. Neither layout acceptance line (reading-width cap, stacking) is proven — jsdom has no layout engine. See CDR-095.","Confirmation is owner-only and the server enforces staleness; the UI shows a stale document as stale","Confidence rendered as a labelled value, never a bare colour","Edit, reject and request-evidence controls have accessible names","Document width capped for reading","Route tests for the confirm gate and staleness","No inline rich-text editor","Done"
"ACBP-FE-010","Transparent memory browser with edit, delete and version history","F2","MEM-001;MEM-004","GET memory, GET/PATCH/DELETE memory/[memoryItemId]","none","Provenance and any withheld conflicting item come from the server; the UI never hides an item on its own","Deletion is confirmed; the dialog says plainly whether it is permanent","Table has row headers and an accessible delete label per row","Table scrolls horizontally rather than truncating","DELIVERED by ACBP-FE-010 (squash bed0a70): 68 tests over the view mapper and the three verb interpreters, every load-bearing behaviour mutation-tested; a contract-alignment suite driving the real toCompaniesResponse; and FOUR NEW REAL-PG ROUTE TESTS FOR PATCH, which had none - the route type declared the verb but nothing under apps/web ever called it, so the type was the only thing asserting it existed. DELETE route coverage already existed and is cited rather than restated. NOT MET and disclosed: the row requires any withheld conflicting item to come from the server, and no memory route emits that - MEM-004 lives in assembleContext, CDR-025 records it as deferred, and the traceability CSV maps MEM-004 to ACBP-P2-007. Computing it client-side would be the UI hiding an item on its own, which the same cell forbids. The row also names the wrong requirement: this screen serves MEM-002 (all items visible, editable, deletable by the owner; edits and deletions persist and are audited), which the row omits. The E2E is likewise not met - no DOM harness exists in any package.json. REVIEW: an independent five-lens adversarial pass confirmed 42 findings (16 refuted), all closed in 3935935 - including a BLOCKER where a client module imported @acbp/core, and two HIGH defects on the delete path where the server answer could never be read and success/404/409 rendered identically. Exact-head CI green at zero skips: 32086960764 on 3935935, 295 files / 4407 tests.","No bulk edit","Done"
"ACBP-FE-011","Activity feed","F2","NFR-013","GET activity","none","The feed is already redacted server-side; the UI must not attempt to re-expand anything","Empty feed is an honest empty state","Feed is a list with time elements","Single column","Route test asserting no raw identifier renders","No filtering by actor until the API supports it","Done"
"ACBP-FE-012","Decision Room queues","F3","DEC-001","GET decision-room, GET decision-room/stream","none","Queue contents and permissions are server-decided","A stream disconnect degrades to polling rather than silently freezing","Live region for new items","Queues collapse to tabs on mobile","DELIVERED by ACBP-FE-012 (squash ac5ddd6): 35 tests over the connection state machine and the room view mapper, every load-bearing behaviour mutation-tested. The stream-disconnect behaviour is covered at the REDUCER, which is where the logic lives; the route has its own upstream suite. NOT DELIVERED and stated rather than implied: no test exercises the EventSource wiring itself - the panel has no test file, so the guarantee that closing the source suppresses the browser auto-retry is enforced by one line and asserted by nothing. A DOM-level test is impossible here: no DOM harness exists in any package.json. DEPARTURE FROM THE ROW, deliberate: queues do NOT collapse to tabs on mobile. Tabs would hide nine of ten queues behind a control, and the whole point of this screen is seeing at a glance which queues did NOT report - hiding them to save vertical space would defeat the tri-state it exists to show. They stack into one column instead. REVIEW: an independent five-lens adversarial pass confirmed 35 findings (20 refuted), all closed in 19864a7 - including a PERMANENT SILENT FREEZE (keying the transport effect on mode meant a repeated max_lifetime closed the socket without reopening it, while polling stayed inert), the banned word live rendered on screen by a badge showing the raw mode, and a refusal-to-open reported as a lost connection. Exact-head CI green at zero skips: 32126593976 on 19864a7, 297 files / 4442 tests.","No inline decision actions until FE-013 APIs exist","Done"
"ACBP-FE-013","Strategy options, comparison, recommendation and selection","F3","STRAT-001;STRAT-004;STRAT-005","GET /api/companies/{companyId}/strategy (latest generation, carrying its options, the recommendation and the latest selection); POST /api/companies/{companyId}/strategy/selection (recordStrategyDecision)","SATISFIED as of 2026-08-19. The generate routes landed on main with ACBP-API-008 slice 3b (c908c7c) and the controls are wired. This cell previously described them as the outstanding prerequisite; that is no longer true.","Selection is owner-only (strategy:select); the server refuses a viewer regardless of UI state","Honest fewer-than-three state when the generator abstains","Comparison table has column headers; no colour-only distinctness","Table scrolls; cards stack","DELIVERED by ACBP-FE-013 (squash b3e0d7b). THE ROW IS MARKED Blocked-API AND WAS HALF WRONG: GET /strategy, POST /strategy/selection and POST /decisions are all live, so the read, the 16-field comparison and the COMPLETE owner decision path (select/edit/combine/reject, then the immutable decision that hardens it) are delivered. NOT DELIVERED, and the reason is the row prerequisite that is still true: generateStrategyOptions and recommendStrategy reach no HTTP route, so the screen ships NO generate and NO recommend button and says why in its empty state - a control that cannot act is what this console refuses to ship. Four honesty signals are kept apart rather than folded into one heading: fewer_than_three with the server-supplied reason, the THREE-state similarity check (pending never reads as a pass), modelFlaggedPartial, and a count that disagrees with the list sent. A null recommendation is NOT reported as an abstention - the wire collapses ""never requested"" and ""produced nothing"". decision-request.ts runs every built body through the contract own validateStrategyDecision, so a wrong body fails in CI rather than as an unexplained 400 in front of a founder; that caught the reject trap, where a rejection carrying a phase scope is refused outright. REVIEW: six lenses, every finding handed to a separate agent instructed to REFUTE it - 46 raised, 27 CONFIRMED, 19 refuted, plus 12 more from a completeness critic. All closed in the same PR. The BLOCKER was a control that could not act on a state the page itself displayed: the harden step rendered only while NO decision existed, so a founder who recorded a newer selection was shown ""the recorded decision hardened an EARLIER choice"" by this screen and given no way to act on it. planningUnlocked asserted a gate outcome this read cannot determine (it used generation.decision; the real gate reads latestDecisionForCompany) - renamed, badge removed. chosenFields was dropped entirely, so two selections carrying completely different strategies rendered identically as the single word ""combine"". TWO OF MY OWN CLAIMS WERE WRONG AND ARE CORRECTED: genericErrorBody(400) returns bad_request, not internal_error - the comment and a test fixture both named a body the server never sends (detection is on the SHAPE of error, so it worked; the evidence beside it was wrong, which is the worse half) - and there are 37 route.ts files, not 36, the 37th sitting outside app/api where a missed one would hide. Exact-head CI green at zero skips: 32141522305 on 9f426e9, 303 files / 4569 tests. GENERATE AND RECOMMEND ARE NOW WIRED (squash 982b3be), and the three paragraphs saying no such button could exist were deleted in the SAME commit - in page.tsx, in strategy-view.ts and in the empty state - because a screen that offers a button while telling you the button cannot exist is worse than either half alone. This became possible when ACBP-API-008 slice 3b reached main as c908c7c: PR #111 carried the routes but its base was p8-api-006-model-gateway, NOT main, so merging it would have left them off main entirely (that trap is recorded in docs/agent/HANDOVER-fe-013-014-unblock.md). generate-outcome.ts interprets all three metered endpoints and its reason to exist is the SIX 409 preconditions, each naming a different thing the founder must do first and NONE retryable as-is: no_understanding, not_confirmed, stale_understanding, no_decision, decision_rejected, stale_decision. A test asserts no two produce the same sentence. 502 is not 500 - generation_failed means the model call did not return something the server would accept, so a retry is reasonable, while a 500 reports produced:null because it can fail either side of the write. A 403 says nothing about credits, because the ceiling is debited only AFTER owner-only authz (ACBP-API-008 head 2046c69 fixed exactly that), and a test pins that the copy never says credit, spent or quota. An unreachable request says RELOAD rather than retry, because generation is metered and a second attempt is charged separately. 14 further tests; CI green at zero skips, 314 files / 4798 tests.","BLOCKED until the API prerequisite is built. Do not build a screen that fabricates options.","Done"
"ACBP-FE-014","Roadmap, goals, milestones and the task board","F4","ROAD-001;PLAN-001","GET /api/companies/{companyId}/roadmap (current roadmap with its goals and milestones; an absent roadmap is a 200 carrying null, not a 404); GET /api/companies/{companyId}/tasks (the task board); GET /api/companies/{companyId}/tasks/{taskId} (task detail)","SATISFIED as of 2026-08-19. The generate routes landed on main with ACBP-API-008 slice 3b (c908c7c) and the controls are wired. This cell previously described them as the outstanding prerequisite; that is no longer true.","Task state transitions are server-enforced; the board must not move a card the server would refuse","Empty roadmap invites generation; a flagged task shows its review flag","Board columns are labelled regions; cards keyboard reachable","Board scrolls horizontally on mobile","DELIVERED by ACBP-FE-014 (squash b3e0d7b), DISPLAY HALF ONLY. The row is marked Blocked-API; GET /roadmap, GET /tasks and GET /tasks/{taskId} are live, so the roadmap with its goals and milestones, and the task board, are delivered. NOT DELIVERED and stated rather than implied: generateRoadmap reaches no HTTP route so there is no generate button, and POST /roadmap/edit exists but is the versioned EDIT rather than generation and is outside this row - a half-wired editor would be worse than none. ENTIRELY A SERVER COMPONENT, which is a decision not an omission: this slice has no writes, so there is no client bundle at all. TWO READS THAT CAN DISAGREE, handled independently rather than assumed to agree: roadmap refused means the page is a refusal; board refused with the roadmap fine means the roadmap renders and the board section says it was REFUSED, not empty - showing an empty board would claim there are no tasks, which the server never said. Every bucket renders including the not_in_this_version ones, which carry an EM DASH where a number would go: a zero there answers about this company when the server answered about the platform. draftsOffBoard, unplaceable and truncated are all surfaced - an empty board with drafts waiting says so, and an unplaceable row is reported as a DEFECT rather than as a state of the plan. Milestones belonging to no goal, or to a goal absent from this roadmap, are listed under ""Not attached to a goal"" rather than dropped, and a dangling reference says the roadmap is internally inconsistent; the asserted invariant is that every milestone appears EXACTLY ONCE across the groups. priority renders as ""1st in the plan"" because the contract says it is a RANK and not a scale - raw rank 0 would show ""Priority: 0"" for the most important task. NOT REVIEWED BY AN INDEPENDENT ADVERSARIAL PASS, unlike ACBP-FE-013 in the same PR: 38 tests cover the two view mappers and the full gate is green, but no second party has tried to break the screen. Exact-head CI green at zero skips: 32141522305 on 9f426e9, 303 files / 4569 tests. THE ROADMAP GENERATE CONTROL IS NOW WIRED (squash 6eaf0bf), and the paragraphs in page.tsx and the empty state saying generation was unreachable were deleted in the SAME commit. ONE CLIENT COMPONENT, AND IT IS THE WHOLE CLIENT BUNDLE: both reads, the roadmap, the board and every honesty signal still render on the server; only the POST needed a client. It imports the pure interpreter and never @acbp/core - that boundary is the ACBP-FE-010 BLOCKER and check:boundaries did NOT catch it, so the rule is held by knowing rather than by the gate, and run-view.ts stays server-only for the same reason. router.refresh() rather than a client re-read, because the page is a server component and the honest way to show a new roadmap is to let the server render it again; it fires on success AND on unknown, since a 500 can fail either side of the write. The three roadmap preconditions now reach someone who can act on them: no_decision, decision_rejected (a rejection never unlocks planning, so retrying is futile) and stale_decision. POST /roadmap/edit still exists and is still OUT OF SCOPE - it is the versioned EDIT, not generation. Also corrected here: this page still claimed ""all 36 route.ts files""; it was 37 at the time and is 41 now. CI green at zero skips, 314 files / 4798 tests.","BLOCKED until the API prerequisite is built.","Done"
"ACBP-FE-015","Task execution: preflight, progress, result artifact, failure detail, revision lineage","F4","EXEC-001;EXEC-004","none","REQUIRED: HTTP routes for run start, run status, artifact read and revision request.","Safe-run preflight and approval demands are server decisions surfaced verbatim","A failed run shows its typed failure category, never a raw exception","Progress announced politely; artifact rendered as a document","Document width capped","DELIVERED by ACBP-FE-015 (squash dd11b0d), THE READ HALF. The row is marked Blocked-API and its prerequisite asks for four routes; THREE ARE LIVE - GET /tasks/{taskId}, GET /tasks/{taskId}/runs, GET /runs/{runId}, plus the artifact and lineage reads. What has no route is the two WRITES, run start and revision request, so no Start button and no revision control ships. Verified by enumerating every route.ts, not by a glob. THE VOCABULARY IS IMPORTED, NEVER RESTATED: RUN_STATES and RUN_FAILURE_CATEGORIES come from @acbp/contracts and are CHECKed in migration 0033, and the test fixtures are DRIVEN FROM THE CONTRACT ARRAYS - the direct lesson of ACBP-FE-016, which shipped an invented vocabulary matching no storable row and passed green because its tests fed values the constraint forbids. THE SCREEN REFUSES TO CONCLUDE worker_lost: that is a failure category the SERVER assigns after its own rules fire, so the mapper reports the heartbeat age, flags staleness, and never says a worker is lost, dead or gone - a test pins the absence of those words. Signals kept apart that a progress screen normally flattens: a heartbeat means nothing on a finished run (it stops beating by design) so staleness is reported only while live, and ""never beat at all"" is its own state rather than an age of zero; stopRequestedAt with no endedAt is a stop that has NOT taken effect; the CHECK ties failure_category to state=failed so a category elsewhere cannot exist and is ignored, while a FAILED run without one is named as a gap in the record (TASK-006 ""no blank failures""); retrySafety unsafe is stated as ""running it again may repeat an effect that already happened"" rather than as a status word; latestFailure null means HAS NOT FAILED and renders nothing, never an empty failure card; revisedFrom null means ORIGINAL not unknown; an empty revisions list is none not unknown; and a full page of MAX_REVISIONS_RETURNED=50 says there may be more, the same truncation trap FE-016 shipped as a blocker. Controls render as SERVER VERDICTS with their reasons, not buttons - TaskDetailDTO.controls is total over TASK_CONTROLS and none of them has a route. NOT REVIEWED BY AN INDEPENDENT ADVERSARIAL PASS, stated rather than implied: 21 tests and a clean full gate, but no second party has tried to break it - and on the five tickets that did get one this session the counts were 21, 42, 35, 13 and 27 real defects in work that was already green. Exact-head CI green at zero skips: on bb36bce, 305 files / 4615 tests.","BLOCKED until the API prerequisite is built.","Done"
"ACBP-FE-016","Approvals inbox, payload preview, approve/reject/edit, expiry and revocation","F5","APPR-001;APPR-004","none","REQUIRED: HTTP routes for the approval request list, the decision, and the payload binding preview.","An expired or revoked approval is refused by the server; the UI shows the state and never re-enables the button","Expiry is a live countdown with an honest expired state","Payload diff is text, not colour-only","Diff scrolls","DELIVERED by ACBP-FE-016 (squash 0ae2f44), IN PART, and the ticket is worth reading for how it failed first. GET /approvals is the only approval endpoint (all 37 route.ts files enumerated). DELIVERED: the inbox, the payload preview, and EXPIRY - plus action, reason, expected result, risk class, reversibility, scope, estimated cost and the exact tool VERSION. BUILT BUT UNREACHABLE: approve/reject. @acbp/core exports decideApproval and revokeApproval and no route reaches either, so the gap is ONE ROUTE FILE, not a domain; the screen ships no control, because a disabled Approve button is the same false promise with a tooltip. NOT SHOWN: the history of anything already decided or revoked - listPending returns pending only, so such a request is not listed at all. That is a scope limit, not an uncertainty. THE FIRST VERSION WAS REWRITTEN AFTER AN INDEPENDENT REVIEW RETURNED 15 DEFECTS, THREE BLOCKERS, and its summary was correct: the screen inverted the virtue the ticket existed for. (1) It INVENTED the risk vocabulary - low/medium/high/critical - while migration 0047 CHECKs informational/internal_reversible/external_reversible/sensitive_irreversible, so every real row fell to unknown and a sensitive_irreversible action rendered identically to an informational one. Its tests passed because they fed values the CHECK forbids: the only tests of the map exercised inputs the system cannot produce. (2) It LED THE PAGE with a warning that a listed request might already be decided or revoked; listPending filters status=pending and 0048 CHECK guarantees such a row has no decided_at, revoked_at, superseded_at or consumed_at. It manufactured doubt the server had resolved, first, in the alarming direction. (3) It reported a PAGE SIZE as an inbox size - clampInboxLimit(undefined) is 50 and the request layer sends no limit. Also: it claimed expiry was ""not on the wire"" when expires_at is NOT NULL on every row and had simply been omitted from the request-layer allowlist (now carried, with created_at); it told readers not to assume an order the server had chosen (orderBy created_at desc, with a partial index); and its timestamp mapping could throw RangeError inside a map over the whole inbox, turning one odd row into a 500. The vocabulary is now IMPORTED from @acbp/contracts, never restated, and a contract-alignment test asserts the local shape IS ApprovalInboxItem. Exact-head CI green at zero skips: 32148550600 on c085857, 304 files / 4594 tests.","BLOCKED until the API prerequisite is built.","Done"
"ACBP-FE-017","Emergency stop and held-work review","F5","STOP-001","none","REQUIRED: HTTP routes for activateStop and the held-work list.","Stop activation is owner-only and audited; the UI must make the blast radius explicit before confirming","Held work is listed with its scope; an empty hold is an honest state","Destructive confirmation naming the exact scope","Full width on mobile","Route tests once the APIs land","BLOCKED until the API prerequisite is built.","Blocked-API"
"ACBP-FE-018","Usage display and billing placeholders","F5","USAGE-001","none","REQUIRED: HTTP route for the account usage rollup read.","Usage figures are server-computed and caller-independent; the UI never recomputes a total","Zero usage is an explicit computed zero, not a blank","Figures carry units in text","Cards stack","Route test asserting the displayed total equals the API total","BLOCKED until the API prerequisite is built. No payment UI: no processor is integrated.","Blocked-API"
"ACBP-FE-019","Decide whether the rendered-page harness joins CI","F0","NFR-012","none","none","none","n/a - a decision, not a screen","n/a","n/a","RULING DELIVERED AND THE WIRING LANDED WITH IT (docs/decisions/FE-019-rendered-page-harness-ruling.md). The ruling is a QUALIFIED YES and the row states that a yes obliges a wiring commit demonstrating RED; this ticket delivers the ruling and not the wiring, so marking it Done would claim a guard that does not exist. MEASURED GAP: zero rendering harnesses in all 14 package.json (no jsdom, happy-dom, @testing-library, playwright, puppeteer), zero .test.tsx anywhere, vitest environment node, and 40 .tsx files / 4782 lines of JSX that no test touches. THE ROW ASKS FOR TWO DIFFERENT HARNESSES WITHOUT SAYING SO, and that settles the scope: its acceptance demo is a reintroduced HORIZONTAL OVERFLOW, which a DOM harness cannot measure at all - jsdom implements no layout engine, so offsetWidth/scrollWidth/getBoundingClientRect return zeros. Overflow needs a real browser; behaviour does not. RULED YES to a DOM behaviour harness (jsdom + testing-library): 4782 untested JSX lines and a confirmed BLOCKER of exactly the shape it catches - FE-013 rendered the harden control only while no decision existed, so a newer selection could never be hardened, which is one render assertion. Its acceptance demo must be a seeded BEHAVIOURAL regression, not the overflow the row names. RULED NOT YET to a browser harness, with a named trigger: adopt when a second layout defect reaches main, or when any screen ships a chart, canvas or virtualised list. THE DECISIVE FINDING, from this session own defect record (21+42+35+13+27+15 confirmed defects across six adversarial reviews of work that had already passed a full gate and green CI): THE THREE WORST DEFECTS WERE IN CODE THAT WAS TESTED, and the tests were wrong about their INPUTS rather than absent - FE-016 fed risk values the CHECK constraint forbids, so the only tests of the mapping exercised inputs the system cannot produce, and no amount of rendering would have helped. What closed that class is cheaper and already applied on FE-015/FE-016: fixtures driven from the contract constant arrays, a contract-alignment test assigning the real DTO to the local shape, and mirrored server constants asserted equal. Those disciplines OUTRANK both harnesses. Trap recorded for whoever wires the browser half: headless Chrome reports prefers-reduced-motion:reduce BY DEFAULT, so an unset run tests the reduced condition twice and matches for the wrong reason. OWED: the DOM harness wiring with a RED run against a seeded behavioural regression. WIRING DONE IN THE SAME TICKET: jsdom + @testing-library/react as apps/web devDependencies, the vitest include widened to .tsx FOR apps/** ONLY with the global environment left at node so each rendered test opts in with a @vitest-environment jsdom docblock - widening the global environment would have made 4000+ node tests pay for a DOM none of them use. First rendered-component test: task-execution-screen.test.tsx, 9 tests. RED PROVEN, AND THE FIRST MUTATION WAS THE WRONG ONE, which is recorded because the difference is the point: deleting the runs===null branch reddens the file with TypeError: Cannot read properties of null (reading length), proving only that a null check stops a crash. The mutation that ISOLATES the regression keeps the branch and makes the refused copy assert the empty-state fact, failing with AssertionError: expected <p class=""cs-refusal-detail""></p> to be null on queryByText(/has never been run/i) - the forbidden claim, found in the refusal branch. A SECOND DEFECT WAS FOUND BY THE HARNESS ITSELF ON ITS FIRST RUN: @testing-library/react auto-registers cleanup ONLY under globals:true and this repo runs globals OFF, so renders accumulated and one test saw the previous test DOM. Explicit afterEach(cleanup) added with the reason written in. The BROWSER harness stays deferred with its named trigger - jsdom has no layout engine, so the row original overflow demo remains unsatisfiable here and was NOT substituted for silently.","Does NOT wire the harness into CI - that is precisely the decision being deferred. Does not change what the harness asserts.","Done"
