Requirement ID,Category,Title,Requirement,User value,Evidence class,Evidence source,Confidence,Parity or improvement,Priority,MVP status,Dependencies,Acceptance criteria,Failure behavior,Open question
ACC-001,Accounts,Account registration,"A person can create a platform account with email verification.","Entry to the product.",Partially verified,"raw-audit/01-executive-summary.md (authenticated account exists; registration flow itself not observed)",75,Parity,Must,MVP,,"New account can sign in and reach an empty portfolio; unverified email cannot activate autonomous work.","Clear error on duplicate email or failed verification; no partial account left usable.","Exact Polsia registration flow was not observed (audit used an existing session)."
ACC-002,Accounts,Authentication and session,"Users authenticate with credentials and receive a server-managed session; all API access requires a valid session.","Protects account and companies.",Directly observed,"raw-audit/02-application-map.md (authenticated /dashboard routes)",95,Parity,Must,MVP,ACC-001,"Unauthenticated requests to any company resource are rejected; session expiry forces re-login without data loss.","Failed logins are rate-limited and audited.",
ACC-003,Accounts,Profile settings,"Users can edit profile details (name, email, content language) and save changes.","Personalization and locale control.",Directly observed,"raw-audit/02-application-map.md (Profile settings overlay)",97,Parity,Must,MVP,ACC-001,"Changes persist and are reflected across sessions; email change requires re-verification.","Validation errors shown inline; no silent failure.",
ACC-004,Accounts,Account deactivation,"Users can deactivate their account; deactivation stops all autonomous work and takes public artifacts offline.","Exit control and safety.",Directly observed,"raw-audit/02-application-map.md (Deactivate Account with warning); raw-audit/09-claim-verification.md claim 22",95,Parity,Must,Post-MVP,ACC-001;ADMIN-001,"After deactivation no scheduled or autonomous work runs; reactivation path is documented; data retained per retention policy.","In-flight work is cancelled or completed safely and recorded.",
ACC-005,Accounts,Account deletion,"Users can permanently delete their account and data after a cooling-off window, subject to legal retention.","Data rights and trust.",Improvement (own design),"Audit risk R-12 (ambiguous deletion); privacy baseline",n/a,Improvement,Must,Post-MVP,ACC-004;EXPORT-001,"Deletion requires two-step confirmation and an export offer; after purge no personal data remains in active systems; audit record of the deletion event persists in redacted form.","Deletion is blocked with explanation if legal holds exist.",
PORT-001,Portfolio,Company portfolio,"Users see a portfolio listing their companies with key status metrics.","One place to oversee all ventures.",Directly observed,"raw-audit/02-application-map.md (Portfolio /dashboard); evidence/screens.csv row 3",97,Parity,Must,MVP,ACC-002,"Portfolio lists only the user's companies with status and headline metrics; empty state guides creation.","Load failure shows retry without exposing other tenants' data.",
PORT-002,Portfolio,Multiple companies,"An account can hold multiple companies simultaneously.","Test several ideas in parallel.",Directly observed,"raw-audit/09-claim-verification.md claim 1 (99%)",97,Parity,Must,MVP,PORT-001,"A second company can be created and both remain independently operable.","Creation failure leaves no orphaned company shell.","Additional-company pricing is unresolved (see BILL-005)."
PORT-003,Portfolio,Company switching,"Users switch between companies without cross-contamination of context.","Fast multi-venture operation.",Directly observed,"raw-audit/02-application-map.md (portfolio to dashboard navigation)",95,Parity,Must,MVP,PORT-002,"Switching changes all visible data to the selected company only; no data from another company appears.","Stale context is discarded on switch; errors force reload rather than mixed state.",
PORT-004,Portfolio,Portfolio metrics,"Portfolio rows show per-company summary metrics (e.g., activity, tasks, revenue placeholder) with source and freshness.","Quick health scan.",Partially verified,"raw-audit/01-executive-summary.md (views/users/revenue observed once)",75,Parity,Should,Post-MVP,PORT-001,"Metrics show value, source, timestamp, and distinguish zero from unknown.","Metric pipeline failure shows 'unavailable' state, never fabricated values.",
COMP-001,Company,Company creation modes,"Users can start a company from (a) their own idea, (b) a platform-suggested idea, or (c) an existing business description.","Multiple entry paths to value.",First-party documented,"raw-audit/03-onboarding-flow.md (FAQ creation choices, 85%)",85,Parity,Must,MVP,ACC-002,"All three modes reachable from creation entry; idea mode is fully functional in MVP; each persists a company brief.","Abandoned creation leaves a resumable draft, not a broken company.","Exact Polsia form content unknown (paid gate blocked inspection)."
COMP-002,Company,Workspace provisioning,"Creating a company provisions a workspace: profile, mission draft, research area, roadmap area, document store, and activity stream. (Code/hosting provisioning is Post-MVP; see BUILD/DEPLOY.)","A usable company workspace from minute one.",Directly observed,"raw-audit/03-onboarding-flow.md (observed provisioning sequence, 99%)",95,Parity,Must,MVP,COMP-001,"After creation the workspace exposes profile, documents, tasks, and activity; every provisioning step is visible and resumable.","A failed step is shown with reason and retry; no orphaned resources.",
COMP-003,Company,Provisioning progress stream,"Provisioning progress is shown as an ordered, timestamped activity stream ending in an explicit completed or failed state.","Trust through visibility.",Directly observed,"raw-audit/03-onboarding-flow.md (activity stream, 99%)",97,Parity,Must,MVP,COMP-002,"Each stage is timestamped and ordered; completion or failure is explicit; no stage claims success without a recorded result.","Interrupted provisioning resumes from the last checkpoint.",
COMP-004,Company,Company profile and brief,"Each company has an editable profile: name, brief, mission, market summary, and status.","The company's identity in one place.",Directly observed,"raw-audit/02-application-map.md (documents: Mission, Market Research); raw-audit/03-onboarding-flow.md",95,Parity,Must,MVP,COMP-002,"Profile fields are editable with version history; edits create audit events.","Concurrent edits resolve last-write-wins with visible history.",
COMP-005,Company,Company settings,"Users can rename a company and manage company-level settings.","Basic administration.",Directly observed,"raw-audit/02-application-map.md (Company settings overlay, 99%)",97,Parity,Must,MVP,COMP-002,"Rename persists everywhere the name is displayed.","Invalid names rejected with clear message.",
COMP-006,Company,Company pause,"Users can pause a company; pause stops all scheduled and autonomous work without deleting data.","Reversible off-switch.",Directly observed,"raw-audit/02-application-map.md (Pause control); raw-audit/09-claim-verification.md claim 22 (99%)",97,Parity,Must,MVP,COMP-002;ADMIN-001,"While paused no new autonomous work starts; in-flight tasks reach a safe stop; resume restores schedules; both transitions are audited.","Pause during an in-flight run reaches a defined safe state (see open question OQ-14).","Polsia's in-flight pause semantics are unknown."
COMP-007,Company,Company deletion safeguards,"Company deletion is a two-step confirmed, irreversible action with an export offer and audit trail.","Prevents catastrophic mistakes.",Directly observed,"raw-audit/05-approval-matrix.md (Danger Zone 'cannot be undone', 99%)",95,Parity,Must,Post-MVP,COMP-002;EXPORT-001,"Deletion requires explicit typed confirmation; export is offered first; deletion event is audited; purge follows retention policy.","Partial deletion failures roll forward to complete or restore a consistent state.",
COMP-008,Company,Company status indicator,"Each company shows a human-readable operating status (e.g., provisioning, active, paused).","At-a-glance state.",Directly observed,"raw-audit/01-executive-summary.md (company mood 'Shipped', 99%)",95,Parity,Should,MVP,COMP-002,"Status reflects actual lifecycle state and updates within one minute of change.","Unknown states render as 'unknown', never a fabricated healthy state.",
DISC-001,Discovery,Adaptive interview engine,"The founder interview asks a small batch of questions at a time (max 3) and generates the next batch from previous answers.","No overwhelming forms; relevant questions only.",Improvement (own design),"polsia-audit-review.md ('adaptive founder interview' listed as NOT verified Polsia parity; our differentiator)",n/a,Improvement,Must,MVP,COMP-001,"No screen shows more than 3 questions; at least one later question demonstrably depends on an earlier answer; session state persists.","Engine fallback to a static question set if generation fails, flagged as non-adaptive.",
DISC-002,Discovery,Context-aware follow-ups,"The interview asks follow-up questions that reference and build on specific earlier answers.","Feels understood; higher-quality inputs.",Improvement (own design),"polsia-audit-review.md improvement 1",n/a,Improvement,Must,MVP,DISC-001,"Follow-ups quote or reference the triggering answer; irrelevant follow-ups can be dismissed with reason captured.","If context retrieval fails the question is asked generically and marked as such.",
DISC-003,Discovery,Vague-answer detection,"The system detects vague or non-committal answers and asks for specifics with examples.","Prevents garbage-in planning.",Improvement (own design),"Task instruction; polsia-audit-review.md improvement 1",n/a,Improvement,Must,MVP,DISC-001,"A vague answer (e.g., 'everyone' as target customer) triggers one clarifying prompt with 2+ concrete examples; user may decline.","Repeated vagueness is recorded as an explicit assumption, not silently accepted.",
DISC-004,Discovery,Contradiction detection,"The interview detects contradictions between answers and surfaces them for resolution.","Catches inconsistent plans early.",Improvement (own design),"Task instruction",n/a,Improvement,Should,MVP,DISC-001,"A seeded contradictory answer pair is flagged with both statements shown; user resolves or accepts the tension explicitly.","Undetected contradictions can be flagged manually later (UNDER-002).",
DISC-005,Discovery,Unknown answers and suggested assumptions,"Users can answer 'I don't know'; the system proposes a labeled assumption with rationale that the user can accept, edit, or defer.","Progress without false certainty.",Improvement (own design),"polsia-audit-review.md improvement 2",n/a,Improvement,Must,MVP,DISC-001;MEM-001,"'I don't know' is always available; accepted assumptions are stored as Assumption memory items with source='AI-suggested'.","Deferred questions appear in the understanding document as open items.",
DISC-006,Discovery,Question rationale,"Each interview question can explain why the information matters and what it affects.","Respects the founder's time and intelligence.",Improvement (own design),"Task instruction",n/a,Improvement,Should,MVP,DISC-001,"Every question has a 'why we ask' affordance with a specific downstream use.","Missing rationale defaults to a category-level explanation.",
DISC-007,Discovery,Progressive resumable session,"The interview is resumable across sessions and never forces completion in one sitting.","Fits real founders' schedules.",Improvement (own design),"Task instruction",n/a,Improvement,Must,MVP,DISC-001,"Closing mid-interview and returning restores position and answers exactly; progress indicator is honest.","Corrupted session state recovers to the last confirmed answer.",
DISC-008,Discovery,Answer correction,"Users can revise any earlier answer; dependent questions and assumptions are re-evaluated and flagged.","Mistakes are cheap to fix.",Improvement (own design),"Task instruction",n/a,Improvement,Must,MVP,DISC-001;UNDER-004,"Editing an answer marks dependent understanding items as needing review; nothing silently stays stale.","Re-evaluation failure flags affected items as 'stale' visibly.",
UNDER-001,Understanding,Business-understanding document,"The system produces an editable structured understanding: idea, problem, target customer, user, buyer, solution, market, geography, language, business model, pricing assumptions, existing resources, budget, timeline, founder involvement, risk tolerance, constraints.","One agreed picture of the business before any execution.",Improvement (own design),"polsia-audit-review.md improvement 2 (explicit facts/assumptions not verified in Polsia)",n/a,Improvement,Must,MVP,DISC-001,"All listed fields exist; each is populated, marked unknown, or marked assumed; document renders in under 2s.","Generation failure produces a partial document with missing sections explicitly labeled.",
UNDER-002,Understanding,Fact/assumption/preference separation,"Every understanding item is classified as confirmed fact, preference, constraint, AI assumption, research finding, or open question, with confidence.","No conflation of what's known vs guessed.",Improvement (own design),"polsia-audit-review.md improvement 2",n/a,Improvement,Must,MVP,UNDER-001;MEM-001,"Each item shows class and confidence; filtering by class works; AI assumptions are visually distinct.","Unclassifiable items default to 'open question', never to 'fact'.",
UNDER-003,Understanding,Understanding review controls,"Users can approve, edit, reject, request evidence, or request more research on any understanding item.","Client authority over the foundation.",Improvement (own design),"Task instruction",n/a,Improvement,Must,MVP,UNDER-001,"All five actions are available per item; approval state is persisted and audited; execution planning is blocked until overall approval.","Rejected items return to the interview flow for re-elicitation.",
UNDER-004,Understanding,Assumption lifecycle,"Assumptions carry status (proposed, accepted, validated, invalidated) and can be marked for future validation.","Assumptions get tested, not forgotten.",Improvement (own design),"Task instruction",n/a,Improvement,Must,MVP,UNDER-002;MEM-001,"Assumption status transitions are audited; 'validate later' creates a visible follow-up item.","Invalidated assumptions flag dependent strategy/plan items for review.",
UNDER-005,Understanding,Understanding confidence display,"The understanding document shows overall and per-section confidence derived from item classes.","Honest readiness signal.",Improvement (own design),"Task instruction",n/a,Improvement,Should,MVP,UNDER-002,"Confidence updates when items change; method is documented in-product.","Confidence never displays higher than the weakest Must-have section.",
STRAT-001,Strategy,Distinct strategic options,"After understanding approval the system generates at least 3 genuinely distinct strategic options (different customer, offer, or model — not cosmetic variants).","Real choice instead of a single AI opinion.",Improvement (own design),"raw-audit/09-claim-verification.md claim 23 (multiple options NOT found in Polsia, <50%)",n/a,Improvement,Must,MVP,UNDER-003,"3+ options differ on at least one of customer/offer/model; a similarity check rejects near-duplicates; generation completes within 5 minutes.","Fewer than 3 viable options is stated honestly with reasons rather than padded.",
STRAT-002,Strategy,Option content standard,"Each option includes description, customer, offer, business model, product scope, benefits, risks, cost range, effort, time to validate, time to launch, required resources, key assumptions, validation method, success metrics, and confidence.","Comparable, decision-ready options.",Improvement (own design),"Task instruction; polsia-audit-review.md improvement 3",n/a,Improvement,Must,MVP,STRAT-001,"All 16 fields present per option; cost/time fields use ranges with stated basis, never fake precision.","Fields the system cannot estimate are marked 'unknown' with what would resolve them.",
STRAT-003,Strategy,Option selection controls,"Users can select, edit, combine, or reject options, or request another option.","The client decides the direction.",Improvement (own design),"Task instruction",n/a,Improvement,Must,MVP,STRAT-001,"All five controls work; a combined option is re-rendered in the standard format for confirmation.","Rejection of all options routes back to understanding review with captured reasons.",
STRAT-004,Strategy,AI recommendation with rationale,"The system may recommend one option, always with explicit rationale and its key sensitivities.","Guidance without coercion.",Improvement (own design),"Task instruction",n/a,Improvement,Should,MVP,STRAT-002,"Recommendation shows why, what would change it, and never auto-selects.","Absent a defensible rationale, no recommendation is shown.",
STRAT-005,Strategy,Phase-limited approval,"Users can approve only the first phase of a strategy rather than the whole plan.","Commitment matched to confidence.",Improvement (own design),"Task instruction",n/a,Improvement,Should,MVP,STRAT-003;PLAN-001,"Phase-only approval generates tasks solely for that phase; later phases remain visibly 'not approved'.","Work generation respects the approval boundary; violations are blocked server-side.",
STRAT-006,Strategy,Decision record,"Every strategy selection/edit/rejection creates a durable decision record linking inputs, options considered, and rationale.","Institutional memory of why.",Improvement (own design),"Task instruction",n/a,Improvement,Must,MVP,STRAT-003;MEM-001,"Decision records are immutable, timestamped, linked to the understanding version, and visible in history.","Failed record writes block the transition (decision is not silently unrecorded).",
DEC-001,Decision Room,Decision Room hub,"A single surface shows: needs-your-decision, recommended next actions, questions from the AI team, options under consideration, approved and queued, executing, results, blocked, failed, and recent decisions.","One place to exercise control.",Improvement (own design),"Task instruction; raw-audit/19-competitive-gaps.md (trust opportunity)",n/a,Improvement,Must,MVP,APPR-003;ACT-001,"All ten queues render with correct counts; every item deep-links to its full context; empty states are honest.","Queue load failure degrades per-section, never renders wrong-company items.",
PLAN-001,Planning,Autonomous task planning,"The system reviews company state and generates prioritized tasks with descriptions and types.","The AI team proposes concrete work.",Directly observed,"raw-audit/04-task-and-agent-system.md (planning observation, 95-99%); raw-audit/24-runtime-billing-quality-validation.md",95,Parity,Must,MVP,COMP-002;STRAT-003,"Planning produces 3+ prioritized tasks linked to the selected strategy; each has type and description; planning is visible in the activity feed.","Planning failure is visible with reason; no phantom tasks.",
PLAN-002,Planning,User-steered planning,"Users can direct planning through a chat/planning surface (e.g., ask for tasks toward a goal).","Steering without micromanagement.",Partially verified,"raw-audit/04-task-and-agent-system.md (FAQ chat-run claim, 85%); raw-audit/02-application-map.md (chat surface observed)",80,Parity,Must,MVP,PLAN-001,"A natural-language planning request produces relevant tasks or an honest refusal; intent and effect are previewed before task creation.","Ambiguous requests trigger clarification, not guessed execution.",
PLAN-003,Planning,Recurring planning cycles,"Planning re-runs on a schedule, reviewing progress and generating next tasks.","Continuous progress without prompting.",First-party documented,"raw-audit/04-task-and-agent-system.md (FAQ cycle model, 85%)",85,Parity,Must,Post-MVP,PLAN-001;TASK-003,"Scheduled cycles record review inputs, produced tasks, and completion; missed cycles are visible.","Cycle failure alerts the owner and retries within policy.","Polsia's cycle internals (budget, stop conditions) are unknown."
PLAN-004,Planning,Planning transparency,"Each planning run shows what inputs it considered (memory items, metrics, prior results) and why the top tasks were chosen.","Trustworthy, inspectable planning.",Improvement (own design),"raw-audit/19-competitive-gaps.md (trust gap)",n/a,Improvement,Should,MVP,PLAN-001;MEM-003,"Every planning run links its input snapshot and a rationale per proposed task.","Missing rationale renders as 'not recorded' and counts against quality metrics.",
ROAD-001,Roadmap,Goals roadmap and milestones,"Selecting a strategy generates goals, a roadmap, milestones, and initial tasks, stored as living documents.","From decision to actionable plan.",Directly observed,"raw-audit/03-onboarding-flow.md (roadmap/mission generated, 99%); raw-audit/02-application-map.md (Documents)",95,Parity,Must,MVP,STRAT-003,"Roadmap contains goals, milestones with target sequencing, and generated tasks trace to milestones.","Generation failure preserves the approved strategy and retries; partial roadmaps are labeled.",
ROAD-002,Roadmap,Roadmap revision,"Roadmaps are versioned and editable; changes flag affected tasks and record rationale.","Plans evolve without losing history.",Improvement (own design),"raw-audit/17-acceptance-tests.md AT-023 pattern",n/a,Improvement,Should,MVP,ROAD-001,"Edits create versions with author and reason; affected open tasks are flagged for review.","Version write failure blocks the edit rather than losing history.",
TASK-001,Tasks,Task state machine,"Tasks move through defined states: To Do, Recurring, In Progress, Completed, Rejected, Failed (plus Cancelled).","Predictable, inspectable work lifecycle.",Directly observed,"raw-audit/04-task-and-agent-system.md (six visible buckets, 99%); evidence/task-states.csv",97,Parity,Must,MVP,,"All state transitions are server-enforced, audited, and visible; invalid transitions are rejected.","Stuck tasks time out to Failed with reason.",
TASK-002,Tasks,Task detail,"Each task exposes type, creation time, structured description, and controls appropriate to its state.","Understand any unit of work at a glance.",Directly observed,"raw-audit/04-task-and-agent-system.md (task detail, 99%)",97,Parity,Must,MVP,TASK-001,"Detail view shows all fields; controls reflect state and permissions.","Missing fields render explicitly as missing.",
TASK-003,Tasks,Scheduled autonomous work,"The platform supports scheduled task execution windows ('night shifts') with a monthly allowance.","Progress while the founder sleeps.",Directly observed,"raw-audit/09-claim-verification.md claim 4 (99%); raw-audit/07-billing-and-pricing.md (30/month)",95,Parity,Must,Post-MVP,TASK-001;APPR-001;POL-004,"Scheduled runs occur in the configured window, respect policies, decrement allowance, and record results; owner can disable.","Missed windows are reported; no silent skips.","What one scheduled shift may include needs owner definition (OQ-13)."
TASK-004,Tasks,Manual task execution with credit preflight,"Users can run a task on demand; a preflight shows credit cost and expected side effects before execution; execution consumes one task credit.","On-demand work with informed consent.",Directly observed,"raw-audit/24-runtime-billing-quality-validation.md (observed run consumed a credit); raw-audit/09-claim-verification.md claim 5",95,Parity,Must,MVP,TASK-001;BILL-002,"Preflight shows cost and side-effect class; insufficient credits block execution with a clear path to resolve; ledger entry is atomic with the run.","Execution failure refunds or preserves the credit per documented rule and shows which applied.",
TASK-005,Tasks,Task result artifacts,"Completed tasks produce persistent result artifacts (documents/reports) linked from the task and the document library.","Work leaves usable output.",Directly observed,"raw-audit/24-runtime-billing-quality-validation.md (competitive-audit report persisted, observed)",97,Parity,Must,MVP,TASK-001,"Every Completed task links at least one artifact or an explicit 'no artifact' rationale; artifacts carry provenance (task, worker, inputs, time).","Artifact persistence failure fails the task rather than reporting hollow success.",
TASK-006,Tasks,Failure detail,"Failed tasks show an understandable error reason, what was attempted, whether retry is safe, and suggested next steps.","Failures become actionable, not mysterious.",Improvement (own design),"raw-audit/04-task-and-agent-system.md (Polsia failed task had NO visible error detail); raw-audit/19-competitive-gaps.md",n/a,Improvement,Must,MVP,TASK-001,"Every Failed task shows reason category, human-readable summary, attempt count, and retry safety; support bundle is exportable.","Unknown causes are labeled 'unknown cause' with diagnostic reference, never blank.",
TASK-007,Tasks,Task cancellation and pause,"Users can cancel a queued task and request stop of an in-progress task; the system reaches a defined safe state.","Control over in-flight work.",Partially verified,"raw-audit/04-task-and-agent-system.md (controls not exercised in Polsia); company Pause observed",70,Parity,Must,MVP,TASK-001;ADMIN-001,"Cancel on queued tasks is immediate; stop requests on running tasks reach safe-stop within a bounded time; both are audited.","Uncancellable critical sections complete then honor the stop; state is truthful throughout.",
TASK-008,Tasks,Repeat and delete controls,"Tasks can be repeated (re-queued as a new task) or deleted, with confirmation for delete.","Simple recovery and cleanup.",Directly observed,"raw-audit/04-task-and-agent-system.md (Delete/Repeat controls, 99%)",97,Parity,Must,MVP,TASK-001,"Repeat creates a linked new task; delete requires confirmation and is audited.","Delete of a running task is refused; cancel first.",
TASK-009,Tasks,Idempotent execution,"Task runs are idempotent: a retried or duplicate-triggered run never duplicates an external side effect.","No double sends, double spends, double posts.",Improvement (own design),"raw-audit/18-risk-register.md R-02; raw-audit/17-acceptance-tests.md AT-008",n/a,Improvement,Must,MVP,TASK-001;TOOL-002,"Replay tests show zero duplicate external side effects; every external write carries an idempotency key.","Detected duplicates are suppressed and logged as incidents.",
TASK-010,Tasks,Visible retry policy,"Automatic retries (where enabled) are visible: attempt count, backoff, max attempts, and next attempt time.","No hidden thrashing or silent giving-up.",Improvement (own design),"raw-audit/09-claim-verification.md claim 28 (auto-retry NOT found in Polsia)",n/a,Improvement,Should,MVP,TASK-006,"Task detail shows retry configuration and history; retries respect idempotency.","Exhausted retries move the task to Failed with full history.",
WORK-001,Workers,Worker registry,"The platform maintains a registry of AI workers with declared capabilities, allowed tools, and status.","Know who can do what.",Improvement (own design),"polsia-audit-review.md (fixed agent count NOT verified in Polsia; capability labels only)",n/a,Improvement,Must,MVP,TOOL-001,"Registry lists each worker with capabilities and tool allowlist; tasks record which worker ran them.","Unregistered workers cannot receive tasks.",
WORK-002,Workers,Research worker,"A research worker executes market research, competitor research, and customer-segment analysis tasks producing cited documents.","Core MVP value: real research output.",Improvement (own design),"MVP definition; parity link: research capability observed in raw-audit/04 (labels)",n/a,Improvement,Must,MVP,WORK-001;TASK-005,"Produces structured research documents with sources for the three MVP research task types; outputs pass a usefulness review rubric.","Source-unavailable findings are labeled unverified, never invented.",
WORK-003,Workers,Strategy worker,"A strategy worker executes business-model comparison and strategic-option generation tasks.","Decision-grade strategic input.",Improvement (own design),"MVP definition",n/a,Improvement,Must,MVP,WORK-001;STRAT-001,"Generates options meeting STRAT-002 standard; comparisons state criteria and tradeoffs.","Insufficient input triggers a request for specific missing information.",
WORK-004,Workers,Document worker,"A document worker produces business plans, landing-page copy, and internal product requirements documents.","Tangible startup collateral.",Improvement (own design),"MVP definition",n/a,Improvement,Must,MVP,WORK-001;TASK-005,"Produces the three MVP document types in editable form with provenance.","Quality-check failure returns a draft marked as needing revision.",
WORK-005,Workers,Least-privilege tool access,"Each worker can invoke only its allowlisted tools; allowlists are server-enforced.","Structural safety, not model goodwill.",Improvement (own design),"raw-audit/13-mvp-and-roadmap.md item 6 (tool allowlists); task principles",n/a,Improvement,Must,MVP,WORK-001;TOOL-003,"A worker invoking a non-allowlisted tool is rejected server-side and audited; allowlist changes are audited.","Rejection does not crash the task; it fails that step with reason.",
WORK-006,Workers,Worker pause and disable,"Individual workers can be paused or disabled per company by the owner.","Granular emergency control.",Improvement (own design),"Task instruction (emergency control)",n/a,Improvement,Should,MVP,WORK-001;ADMIN-001,"Disabled workers receive no new tasks; their queued tasks are held visibly.","Disable during execution triggers safe-stop per TASK-007.",
TOOL-001,Tools,Tool registry,"All executable capabilities are registered tools with declared inputs, side-effect class, and risk category.","Complete inventory of what the AI can do.",Improvement (own design),"raw-audit/15-conceptual-data-model.md (ToolCall concept); task principles",n/a,Improvement,Must,MVP,,"Every executable action maps to a registered tool with a risk class; unregistered execution paths do not exist.","Unknown tools cannot be invoked; attempts are audited.",
TOOL-002,Tools,Tool-call records,"Every tool call records worker, task, arguments digest, policy decision, approval reference (if any), result, and receipt for external effects.","Complete evidence chain per action.",Improvement (own design),"raw-audit/15-conceptual-data-model.md invariant 3",n/a,Improvement,Must,MVP,TOOL-001;ACT-002,"100% of tool calls have records; external writes require a stored receipt to claim success.","Missing receipt marks the call outcome 'unconfirmed', never 'succeeded'.",
TOOL-003,Tools,Server-side policy gate,"Every tool call passes a server-side policy evaluation before execution; the model cannot self-authorize.","Safety independent of model judgment.",Improvement (own design),"Task principles 7 and 16-17; raw-audit/13-mvp-and-roadmap.md Gate C",n/a,Improvement,Must,MVP,TOOL-001;POL-006,"Policy engine decision precedes every execution; bypass attempts fail closed and are audited.","Policy-engine unavailability blocks execution (fail closed), with owner notification.",
APPR-001,Approvals,Action risk classification,"Every tool/action is classified: informational, internal-reversible, external, or sensitive-irreversible; classification drives default approval behavior.","Right-sized control per risk.",Improvement (own design),"Task instruction section 12; raw-audit/05-approval-matrix.md (Polsia's matrix mostly unknown)",n/a,Improvement,Must,MVP,TOOL-001,"All registered tools carry a risk class; class changes require admin action and audit.","Unclassified tools default to sensitive-irreversible (most restrictive).",
APPR-002,Approvals,Approval request content,"An approval request shows: exact action, reason, expected result, recipient/destination, data used, cost, risk, reversibility, and preview where applicable.","Informed consent, not rubber-stamping.",Improvement (own design),"raw-audit/09-claim-verification.md claim 25 (previews NOT verified in Polsia); task instruction",n/a,Improvement,Must,MVP,APPR-001,"All applicable fields render for each request type; missing fields block the request from being queued.","Un-previewable actions state why and show the raw payload digest.",
APPR-003,Approvals,Approval inbox,"Pending approvals appear in a dedicated inbox (surfaced in the Decision Room) with filtering and history.","Nothing important gets lost.",Improvement (own design),"polsia-audit-review.md correction 4 (no approval center demonstrated in Polsia)",n/a,Improvement,Must,MVP,APPR-002;DEC-001,"All pending requests appear within seconds; decided items move to history with decision metadata.","Inbox outage blocks approval-gated execution (fail closed).",
APPR-004,Approvals,Payload-bound approvals,"Approvals bind to a content hash of the exact action payload; any edit invalidates the approval and requires re-approval.","What you approved is exactly what runs.",Improvement (own design),"raw-audit/15-conceptual-data-model.md invariant 4; protocol trust rules",n/a,Improvement,Must,MVP,APPR-002,"Executing with a payload whose hash mismatches the approval is rejected server-side and audited; test proves edit-invalidates.","Hash-check failure = rejection, never warn-and-continue.",
APPR-005,Approvals,Approval expiration,"Approvals carry an expiry; expired approvals cannot execute.","Stale consent is not consent.",Improvement (own design),"raw-audit/13-mvp-and-roadmap.md Gate C",n/a,Improvement,Must,MVP,APPR-004,"Expired approval attempts fail closed with a clear re-request path; default expiry per risk class.","Clock issues resolve conservatively (treat as expired).",
APPR-006,Approvals,Approval revocation,"An unexecuted approval can be revoked at any time; revocation takes effect before any subsequent execution attempt.","Change your mind safely.",Improvement (own design),"Task instruction",n/a,Improvement,Must,MVP,APPR-004,"Revoked approvals fail closed on execution attempts; revocation is audited with actor and time.","Race between revoke and execute resolves in favor of revoke or produces a compensating alert.",
APPR-007,Approvals,Approval decision options,"Approvers can approve, reject, edit-then-approve (rebinding the hash), schedule, or approve a limited batch.","Flexible but explicit consent.",Improvement (own design),"Task instruction",n/a,Improvement,Should,MVP,APPR-004,"All five decision paths work; edit-then-approve creates a new bound payload; batch approvals enumerate exact members.","Partial batch failures report per-member outcomes.",
APPR-008,Approvals,Configurable autonomy levels,"The product defines five operating levels (recommend-only, draft-and-approve, approve-by-category, operate-within-limits, advanced autonomy) configurable per company; MVP ships levels 1-2 only.","Autonomy matched to trust earned.",Improvement (own design),"polsia-audit-review.md (five formal levels NOT verified in Polsia); task instruction",n/a,Improvement,Must,MVP (levels 1-2),APPR-001;POL-006,"Level setting changes default approval behavior per risk class as documented; MVP enforces levels 1-2; levels 3-5 are visible but disabled with roadmap note.","Invalid level configurations fall back to the most restrictive level.",
APPR-009,Approvals,Server-authoritative enforcement,"Approval requirements are enforced at the execution layer, not the UI; no client state can authorize an action.","Control that can't be bypassed.",Improvement (own design),"Task principles; raw-audit/17-acceptance-tests.md AT-009",n/a,Improvement,Must,MVP,APPR-004;TOOL-003,"API-level attempts to execute approval-gated actions without a valid approval are rejected; negative tests prove it.","Enforcement-layer errors fail closed.",
APPR-010,Approvals,Action previews,"External, paid, public, or destructive actions render a human-readable preview of exactly what will happen before approval.","See it before it happens.",Improvement (own design),"raw-audit/09-claim-verification.md claim 25; competitive gap",n/a,Improvement,Must,MVP,APPR-002,"Preview matches executed output for previewable types (test-verified); non-previewable types are explicitly labeled.","Preview generation failure blocks the approval request, not the safety.",
POL-001,Policies,Spending limits,"Owners can set spending limits (per task, per day, per month, per category); the policy gate blocks execution beyond limits.","Hard cost ceilings.",Improvement (own design),"raw-audit/09-claim-verification.md claim 21 (only ad budgets documented in Polsia); task instruction",n/a,Improvement,Must,MVP,POL-006,"Limit breach blocks execution with a clear message and escalation option; limits are audited on change.","Ambiguous cost estimates reserve the worst case.",
POL-002,Policies,Volume limits,"Owners can cap message counts, publishing frequency, and task volume per period.","Prevents runaway output.",Improvement (own design),"Task instruction",n/a,Improvement,Must,Post-MVP,POL-006,"Caps enforce at the policy gate; counters are visible; caps change requires owner role.","At-cap actions queue or fail per configured behavior, visibly.",
POL-003,Policies,Approved channels and recipients,"Owners can restrict which channels and recipients/destinations the AI may contact.","No surprises about where content goes.",Improvement (own design),"Task instruction",n/a,Improvement,Must,Post-MVP,POL-006,"Non-approved destinations fail closed at policy evaluation; lists are auditable.","Wildcard requests require explicit owner confirmation.",
POL-004,Policies,Working-hours and scheduling limits,"Owners can define when autonomous work may run.","Work happens when you want it to.",Improvement (own design),"Task instruction; parity link: night-shift scheduling observed",n/a,Improvement,Should,Post-MVP,POL-006;TASK-003,"Out-of-window work does not start; in-flight work at window end follows safe-stop policy.","Timezone changes re-evaluate schedules explicitly.",
POL-005,Policies,Forbidden actions and escalation,"Owners can forbid specific actions/categories outright and define automatic escalation for boundary cases.","Bright lines the AI cannot cross.",Improvement (own design),"Task instruction",n/a,Improvement,Must,MVP,POL-006,"Forbidden actions are rejected at the policy gate regardless of approval state; escalations create Decision Room items.","Conflicts between policies resolve to the most restrictive.",
POL-006,Policies,Policy evaluation record,"Every policy evaluation (allow/deny/escalate) is recorded with the policy version, inputs, and outcome.","Provable enforcement.",Improvement (own design),"raw-audit/15-conceptual-data-model.md (policy decision on ToolCall)",n/a,Improvement,Must,MVP,TOOL-002,"Every tool call links a policy evaluation record; records are immutable and queryable.","Missing evaluation = execution blocked (fail closed).",
POL-007,Policies,Deletion restrictions and required approvers,"Owners can require specific approvers for deletion and other designated high-impact categories.","Protects against single-point mistakes.",Improvement (own design),"Task instruction",n/a,Improvement,Could,Future,POL-006;ADMIN-003,"Configured categories require the designated approver; others cannot approve.","Absent approver escalates rather than defaults open.",
MEM-001,Memory,Typed memory items,"Company memory is stored as typed items: facts, preferences, constraints, assumptions, research findings, decisions, outcomes, corrections.","Structured, inspectable knowledge.",Improvement (own design),"raw-audit/09-claim-verification.md claim 27 (memory editor NOT found in Polsia)",n/a,Improvement,Must,MVP,,"All eight types exist; every item has type, content, source link, timestamp, and status.","Untyped writes are rejected.",
MEM-002,Memory,Memory visibility and control,"All memory items are visible, editable, and deletable by the owner.","Nothing hidden about what the AI believes.",Improvement (own design),"Task instruction",n/a,Improvement,Must,MVP,MEM-001,"A memory browser lists/filters all items; edits and deletions persist and are audited.","Deletion propagates: dependent plans flag for review.",
MEM-003,Memory,Memory provenance,"Every memory item links to its source (interview answer, document, task result, user edit) and is company-scoped.","Trustworthy recall.",Improvement (own design),"Task instruction",n/a,Improvement,Must,MVP,MEM-001,"100% of items carry a resolvable source link and company scope; cross-company reads are impossible.","Source-less legacy items are flagged 'unsourced', never presented as fact.",
MEM-004,Memory,Instruction precedence,"Memory can never silently override an explicit client instruction; conflicts surface as questions.","The client's word is law.",Improvement (own design),"Task instruction",n/a,Improvement,Must,MVP,MEM-001,"A seeded memory/instruction conflict produces a surfaced question, not silent memory precedence; test-verified.","Unresolvable conflicts pause the affected work.",
ACT-001,Activity,Company activity feed,"Every company has a chronological activity feed covering planning, task events, documents, and system actions.","Always know what happened.",Directly observed,"raw-audit/03-onboarding-flow.md (activity stream, 99%); raw-audit/02-application-map.md",97,Parity,Must,MVP,,"All significant events appear in order with timestamps; feed is filterable by type.","Feed lag is visible ('as of' timestamp); no fabricated ordering.",
ACT-002,Activity,Append-only audit log,"All security-relevant events (auth, policy, approvals, tool calls, state changes, billing) are recorded in an append-only audit log.","Non-repudiable history.",Improvement (own design),"raw-audit/15-conceptual-data-model.md (AuditEvent); protocol requirements",n/a,Improvement,Must,MVP,,"Audit records are immutable, include actor/timestamp/context, and are exportable; tamper attempts are detectable.","Audit-write failure blocks the audited action (fail closed) for high-risk classes.",
ACT-003,Activity,Proposed vs executed distinction,"The UI always distinguishes proposed/planned work from executed work; nothing presented as done without an execution record.","No theater; only truth.",Improvement (own design),"Task principles 10 and 14; raw-audit/18-risk-register.md R-05",n/a,Improvement,Must,MVP,ACT-001;TOOL-002,"Visual and data-level distinction exists everywhere work is shown; claiming 'done' requires a run record (and receipt for external effects).","Unconfirmed outcomes show 'unconfirmed', never 'completed'.",
ACT-004,Activity,Usage and credit visibility,"Credit and usage changes (grants, spends, refunds, expiry) are visible in a ledger with per-event linkage to causing tasks.","Costs are never a mystery.",Directly observed,"raw-audit/07-billing-and-pricing.md (credits ledger observed, 99%)",97,Parity,Must,MVP,BILL-002,"Ledger shows every movement with cause link; balance always equals ledger sum.","Discrepancies trigger automatic reconciliation alerts.",
ACT-005,Activity,Failure visibility,"Failures (tasks, provisioning, integrations) are first-class feed events with links to detail.","Bad news travels fast, to you.",Partially verified,"raw-audit/04-task-and-agent-system.md (Failed tab observed; detail absent in Polsia)",75,Parity,Must,MVP,ACT-001;TASK-006,"Every failure emits a feed event linking the TASK-006 detail view.","Suppressed notifications still leave the feed record.",
BUILD-001,Build,Website generation,"The platform can generate a public marketing website for a company.","Instant public presence.",Directly observed,"raw-audit/01-executive-summary.md (public deployment rendered, 99%); evidence/screenshots/07-generated-site-redacted.png",97,Parity,Must,Post-MVP,COMP-002,"Generated site renders at a platform URL with navigation and CTA; content derives from the approved understanding/strategy.","Generation failure leaves no half-published site; status is truthful.",
BUILD-002,Build,Application generation,"The platform can generate a working web application (beyond a static site) for a company.","Product, not just presence.",Partially verified,"raw-audit/22-exported-code-verification.md (one exported project verified: builds, tests pass)",80,Parity,Should,Future,BUILD-001,"A generated application builds, passes its included tests, and deploys to a preview.","Failed generations are visible with diagnostics; no broken deploys promoted.",
BUILD-003,Build,Source-code export,"Users can download the complete source of generated software.","Ownership you can hold.",Directly observed,"raw-audit/09-claim-verification.md claim 17 (99%); raw-audit/24 (export inspected)",95,Parity,Must,Post-MVP,BUILD-001,"Export contains buildable source with config templates and no secret values; checksum and revision included.","Export failure is reported; partial archives are never delivered silently.",
BUILD-004,Build,Masked secrets management,"Application secrets are managed through a masked UI; values are hidden by default, provided secrets are read-only, changes require redeploy to take effect.","Safe credential handling.",Directly observed,"raw-audit/02-application-map.md (App Secrets overlay, 99%)",97,Parity,Must,Future,BUILD-001,"Secret values never render in plaintext by default nor appear in logs/exports; change-then-deploy flow works.","Failed secret updates do not partially apply.",
BUILD-005,Build,Versioning and rollback,"Deployments are versioned; users can roll back to a prior version.","Undo for production.",Partially verified,"raw-audit/09-claim-verification.md claim 29 (rollback copy observed; no versions existed to test)",75,Parity,Must,Future,DEPLOY-001,"Each deploy creates an immutable version; rollback redeploys a prior artifact and records outcome; rollback requires approval.","Rollback failure preserves current version and alerts.",
BUILD-006,Build,Custom domains,"Users can view their platform URL and connect custom domains.","Real brand presence.",Partially verified,"raw-audit/02-application-map.md (Manage Domains observed; no domain connected)",75,Parity,Should,Future,DEPLOY-001,"Domain connection flow validates DNS, provisions TLS, and reports status truthfully.","Misconfigured DNS shows actionable guidance.",
BUILD-007,Build,Generated-code quality gates,"Generated software must pass lint, typecheck, tests, and dependency-vulnerability scan before deployment is offered.","Code you can trust.",Improvement (own design),"raw-audit/22-exported-code-verification.md and raw-audit/23-quality-findings.md (export needed fixes)",n/a,Improvement,Must,Future,BUILD-002,"Deploy is blocked until gates pass; gate results are visible per version.","Gate failures produce actionable reports, not silent downgrades.",
DEPLOY-001,Deploy,Hosted deployment,"Generated sites/apps deploy to managed hosting with a stable platform URL and health status.","Live without ops burden.",Directly observed,"raw-audit/01-executive-summary.md (live public site, 99%)",95,Parity,Must,Future,BUILD-001,"Deployed artifact serves at its URL; health checks run; status shown truthfully.","Unhealthy deploys are flagged; site status never claims healthy when down.",
DEPLOY-002,Deploy,Deployment approval and preview,"Production deployments of changed software require preview plus approval (per APPR risk class external).","No surprise production changes.",Improvement (own design),"raw-audit/17-acceptance-tests.md AT-015/AT-016 patterns",n/a,Improvement,Must,Future,DEPLOY-001;APPR-009,"Production deploys without valid approval are rejected server-side; previews reflect the exact artifact.","Preview-production drift blocks deploy.",
EMAIL-001,Email,Company email surface,"Each company has an email identity with visible sent/received activity.","Communications live with the company.",Directly observed,"raw-audit/06-integrations.md (company mailbox observed, 99%)",95,Parity,Should,Future,COMP-002,"Company email identity exists; sent/received counts and message log are visible.","Delivery failures are visible per message.",
EMAIL-002,Email,Outbound email controls,"Outbound email requires recipient validation, consent/policy checks, approval per risk class, and delivery receipts.","Outreach without spam or scandal.",Improvement (own design),"raw-audit/17-acceptance-tests.md AT-014; raw-audit/18-risk-register.md R-01",n/a,Improvement,Must,Future,EMAIL-001;APPR-009;POL-003,"No outbound email sends without policy pass + required approval; receipts stored; unsubscribe honored.","Bounced/rejected messages are visible with reasons.",
SOCIAL-001,Social,Social publishing surface,"Companies can connect a social account and publish posts, with manual and scheduled ('auto-post') modes behind approval controls.","Public voice under control.",Directly observed,"raw-audit/09-claim-verification.md claim 12 (social controls + public post observed, 99%)",95,Parity,Should,Future,APPR-009;INTEG-001,"Connected account state is visible; publishing requires policy pass + approval per level; published posts store receipts/URLs.","Publish failures surface with platform error context.",
ADS-001,Ads,Advertising with budget caps,"Companies can run ad campaigns with owner-set budget caps, explicit fees, approval, and stop controls.","Growth spend with hard limits.",First-party documented,"raw-audit/07-billing-and-pricing.md (ads FAQ: budgets + 20% fee, 85%); not exercised",85,Parity,Could,Future,POL-001;APPR-009,"Campaign creation requires budget cap and approval; spend halts at cap; fees are displayed before approval.","Overspend attempts are blocked; cap breaches trigger immediate pause + alert.",
SUPPORT-001,Support,Customer-support assistance,"The platform can draft or handle customer-inquiry responses under configured autonomy and policies.","Responsive without hiring.",Partially verified,"raw-audit/09-claim-verification.md claim 14 (FAQ only, 70%)",70,Parity,Could,Future,APPR-008;POL-003,"Support replies obey autonomy level: draft-only by default; sends require approval unless a higher level is configured.","Uncertain answers escalate to the owner rather than guessing.",
PAY-001,Payments,Customer payments surface,"Companies can accept customer payments through a managed balance with visible status and portal access.","Revenue collection built in.",First-party documented,"raw-audit/07-billing-and-pricing.md (payments FAQ + Stripe portal observed; no payment executed, 85%)",85,Parity,Could,Future,BILL-004,"Payment setup state, balance, and payout path are visible; fees disclosed before enabling.","Payment-provider failures never show phantom balances.","Fee model and money-movement compliance need owner + legal decisions (OQ-11, OQ-24)."
BILL-001,Billing,Subscription plan,"The platform offers a monthly subscription per account that includes one company, a scheduled-work allowance, and a task-credit allowance.","Predictable base pricing.",Directly observed,"raw-audit/07-billing-and-pricing.md ($25/mo, 30 night shifts, 5 credits observed, 99%) — reference values, not our final pricing",95,Parity,Must,Post-MVP,ACC-001,"Subscription state gates paid features; plan contents are displayed accurately; cancellation follows BILL-006.","Payment failure enters a documented dunning state without instant data loss.","Our actual pricing is an owner decision (D-02); Polsia values are reference evidence only."
BILL-002,Billing,Task credits and ledger,"Manual task execution consumes task credits tracked in an append-only ledger with grants, spends, refunds, expirable/permanent split, and reset dates.","Transparent usage economics.",Directly observed,"raw-audit/07-billing-and-pricing.md (credits dialog + ledger observed, 99%); raw-audit/24 (spend observed)",97,Parity,Must,MVP,,"Ledger is append-only; balance derives from ledger; concurrent final-credit race resolves to exactly one success (AT-025 pattern).","Negative balances are impossible; reconciliation runs detect drift.",
BILL-003,Billing,Additional credit purchase,"Users can purchase additional task-credit tiers.","Scale usage on demand.",Directly observed,"raw-audit/07-billing-and-pricing.md (tier selector observed, 99%) — tier prices are Polsia reference data",95,Parity,Should,Post-MVP,BILL-001,"Purchase flow grants credits atomically with payment confirmation; tiers display accurately.","Failed payments grant nothing; no orphaned grants.",
BILL-004,Billing,Billing portal,"Users manage subscription and payment methods through a hosted billing portal (provider-neutral requirement).","Self-service billing.",Directly observed,"raw-audit/02-application-map.md (portal entry observed, 99%) — Polsia uses Stripe; our provider is an architecture decision",95,Parity,Must,Post-MVP,BILL-001,"Portal reachable from settings; subscription changes reflect in-product within one minute.","Portal unavailability shows status; no in-product stale claims.",
BILL-005,Billing,Additional-company pricing (UNRESOLVED),"Accounts can add companies for an additional monthly fee. The reference product showed +$20/month (UI) and $25/month (FAQ) — contradiction C-02, deliberately unresolved. Our price is owner decision D-02.","Portfolio growth pricing.",Partially verified,"evidence/pricing.csv row extra_company; raw-audit/24 section 2 (both values observed)",70,Parity,Should,Post-MVP,PORT-002;BILL-001,"Whatever price the owner sets displays identically in every surface (upgrade sheet, FAQ, checkout) — the reference product's inconsistency is the anti-pattern.","Price display mismatch anywhere is a launch-blocking defect.","C-02: which value is Polsia's real price is unknown; both observations preserved."
BILL-006,Billing,Cancellation semantics,"Cancelling a subscription pauses companies and preserves data rather than deleting it; deletion is a separate explicit action.","Leaving is safe.",First-party documented,"raw-audit/24-runtime-billing-quality-validation.md section 2 (FAQ: cancellation pauses without deleting, 85%)",85,Parity,Must,Post-MVP,BILL-001;COMP-006,"Post-cancellation: no autonomous work, data intact, reactivation path documented; deletion still requires COMP-007 flow.","Billing-state ambiguity resolves to paused-not-deleted.",
USAGE-001,Usage,Usage metering with account rollups,"Every task run and significant tool call records an immutable company-level usage event attributable to company, account, and task. Account-level usage is a deterministic aggregation of company-level events across the account's companies.","Accurate accounting foundation at both company and account level.",Directly observed,"raw-audit/24 (credit decrement observed after run); ledger observed. Account-rollup clause: owner decision D-04/ADR-003 (2026-07-18) — clarification amendment, see PRD change log 1.2.0-draft",95,Parity,Must,MVP,BILL-002;TOOL-002,"Every run has immutable usage events reconciling to the ledger; per-company usage is queryable; per-account rollups aggregate deterministically with no double counting and reconcile to the sum of company events; corrections use compensating entries only; company moves/deactivations preserve historical attribution (test-covered).","Metering failure blocks new metered work (fail closed) rather than under-billing silently; rollup drift is detected by reconciliation and repaired by rebuild from the event ledger.","Amended 2026-07-18: account-rollup clause added as a clarification of the approved ADR-003 control list (per-account usage recording), not a new product capability — the capability was owner-approved on 2026-07-18; this amendment aligns the requirement text with that decision."
USAGE-002,Usage,Cost preview and forecast,"Before execution users see estimated cost; owners can view usage trends and forecasts.","No bill shock.",Improvement (own design),"raw-audit/19-competitive-gaps.md (task economics gap)",n/a,Improvement,Should,Post-MVP,USAGE-001,"Estimates shown pre-execution with stated uncertainty; monthly forecast visible; estimate-vs-actual tracked.","Unestimable costs show 'unknown' and require explicit confirmation.",
EXPORT-001,Export,Data and document export,"Users can export company data: documents, memory items, decisions, activity history, and configuration in documented formats.","Your business is yours.",Improvement (own design),"raw-audit/09-claim-verification.md claim 18 (ownership terms NOT found in Polsia); competitive gap (portability)",n/a,Improvement,Must,Post-MVP,,"Export produces complete documented-format archives; contents match in-product data; no secret values included.","Partial export failures enumerate what is missing.",
EXPORT-002,Export,Portability manifest,"Exports include a manifest describing artifacts, formats, and (for software) reproducible build/deploy instructions independent of our platform.","Credible exit path.",Improvement (own design),"raw-audit/19-competitive-gaps.md (portability opportunity)",n/a,Improvement,Should,Future,EXPORT-001;BUILD-003,"A third party can rebuild/redeploy exported software following only the manifest (verified in test).","Non-portable elements are explicitly listed as such.",
ADMIN-001,Admin,Emergency stop hierarchy,"Owners can stop activity at every scope: task, worker, capability, integration, company, external-actions-only, and account-wide; stops take effect before the next tool call.","Ultimate control in one place.",Improvement (own design),"Task instruction; parity link: company Pause observed (raw-audit/02)",n/a,Improvement,Must,MVP,TOOL-003,"Each scope's stop halts new tool calls at that scope within seconds; in-flight calls reach safe-stop; all stops are audited and reversible by the owner.","Stop-system failure defaults to blocking execution platform-wide (fail closed).",
ADMIN-002,Admin,Recovery after reactivation,"Resuming from any stop/pause requires explicit review of held work before it executes; nothing auto-fires on resume.","No landmines on resume.",Improvement (own design),"Task instruction",n/a,Improvement,Must,MVP,ADMIN-001,"Held items are listed on resume; each requires confirm/discard; expired approvals are not resurrected.","Unreviewed held items remain held indefinitely.",
ADMIN-003,Admin,Roles and membership,"The product defines roles (account owner, company owner, admin, operator, approver, viewer, billing admin); MVP ships account owner + viewer; invites are company-scoped.","Right access for each person.",Partially verified,"raw-audit/05-approval-matrix.md (company-scoped invite observed, 99%; roles unknown)",75,Parity,Must,MVP (owner+viewer),ACC-002,"Role permissions match the §13 matrix; invites grant only the selected company; revocation is immediate and audited.","Permission-check failures deny access (fail closed).",
ADMIN-004,Admin,Notifications,"Users receive configurable notifications for approvals needed, failures, completions, and spending events.","Informed without watching.",Improvement (own design),"Task instruction (§10 Decision Room support)",n/a,Improvement,Should,Post-MVP,DEC-001,"Notification preferences per event class; delivery is logged; critical events (emergency, spend) cannot be fully silenced, only rerouted.","Notification failure never blocks the underlying action's audit record.",
INTEG-001,Integrations,Connection manager,"A connection manager shows every connected external account: provider, account identity, granted scopes, health, last activity, and disconnect control.","Complete visibility of external reach.",Improvement (own design),"raw-audit/06-integrations.md (Polsia exposed NO general connection manager)",n/a,Improvement,Must,Post-MVP,,"All connections appear with scopes and health; disconnect works immediately.","Unknown-health connections show 'unverified', not 'healthy'.",
INTEG-002,Integrations,Credential vault references,"Integration credentials are stored server-side by reference; plaintext values are never returned by read APIs, logs, or exports.","Secrets stay secret.",Improvement (own design),"raw-audit/15-conceptual-data-model.md invariant 6; task principles",n/a,Improvement,Must,MVP,,"Negative tests prove no API/log/export path returns plaintext credentials.","Vault unavailability blocks credential-using actions (fail closed).",
INTEG-003,Integrations,Revocation enforcement,"Disconnecting or revoking an integration immediately prevents all further use; queued work using it fails visibly.","Revocation means revoked.",Improvement (own design),"raw-audit/06-integrations.md (revocation unknown in Polsia); launch gate requirement",n/a,Improvement,Must,Post-MVP,INTEG-001,"Post-revocation tool calls using the connection fail closed and are audited; test-verified.","Race between revoke and in-flight call resolves to failure of the call or compensating alert.",
NFR-001,Non-functional,Tenant isolation,"Every persisted row and every query is company-scoped; cross-company access attempts fail closed and are audited. 100% of isolation test suite (AT-027 pattern) passes including adversarial ID substitution.","Your data is only yours.",Improvement (own design),"raw-audit/18-risk-register.md R-03; launch gates",n/a,Improvement,Must,MVP,,"Adversarial cross-tenant test suite passes 100%; denial responses do not leak resource existence.","Any isolation test failure is a launch blocker.",
NFR-002,Non-functional,Server-authoritative authorization,"All authorization decisions execute server-side; UI state is never a security boundary. Negative tests cover every privileged endpoint.","Control that holds under attack.",Improvement (own design),"Task principles; protocol",n/a,Improvement,Must,MVP,,"Every privileged endpoint has a negative authorization test; client-forged requests are rejected.","Authz service failure denies by default.",
NFR-003,Non-functional,Availability,"Core dashboard and Decision Room target 99.5% monthly availability in beta; planned maintenance is announced and excluded.","Dependable operating console.",Improvement (own design),"Engineering baseline",n/a,Improvement,Should,Post-MVP,,"Availability is measured and reported monthly; misses trigger review.","Degraded modes preserve read access where possible.",
NFR-004,Non-functional,Performance,"Dashboard first meaningful content under 2.5s p75 on warm sessions; interview question generation under 10s p90; long work is asynchronous with visible progress.","Feels responsive despite heavy AI work.",Improvement (own design),"raw-audit/11-product-requirements-document.md NFR pattern",n/a,Improvement,Should,MVP,,"Metrics measured in production against stated targets.","Slow operations show progress; nothing blocks the UI silently.",
NFR-005,Non-functional,Reliability and resumability,"All multi-step workflows (provisioning, planning, task runs) are resumable from checkpoints; no workflow loses state on process restart.","Work survives failures.",Improvement (own design),"raw-audit/13-mvp-and-roadmap.md (resumable provisioning)",n/a,Improvement,Must,MVP,,"Kill-and-resume tests pass for every workflow type; no orphaned resources after crash-resume.","Unresumable states are detected and surfaced for manual recovery.",
NFR-006,Non-functional,Idempotency,"All external side effects carry idempotency keys; replay/duplicate-trigger tests produce zero duplicate external effects.","No double actions, ever.",Improvement (own design),"raw-audit/18-risk-register.md R-02; launch gates",n/a,Improvement,Must,MVP,,"Replay test suite shows zero duplicates across all external tool types.","Detected duplicates are suppressed and raised as incidents.",
NFR-007,Non-functional,Retry discipline,"Retries use bounded exponential backoff with per-class caps; retry state is visible (TASK-010); dead-lettered work is surfaced to owner.","Persistence without thrash.",Improvement (own design),"raw-audit/11 NFR pattern",n/a,Improvement,Must,MVP,,"Retry behavior matches configured policy in tests; dead letters appear in Decision Room blocked queue.","Retry storms are impossible by config cap.",
NFR-008,Non-functional,Auditability,"100% of security-relevant events produce immutable audit records within 5 seconds; audit export covers any date range.","Provable history.",Improvement (own design),"ACT-002; protocol",n/a,Improvement,Must,MVP,,"Audit completeness test: every action type in the registry produces its record; export verified.","Audit lag beyond threshold alerts operators.",
NFR-009,Non-functional,Observability,"All services emit structured logs (secret-redacted), metrics, and traces; every task run is traceable end-to-end by ID.","Operable and debuggable.",Improvement (own design),"raw-audit/13-mvp-and-roadmap.md item 10 (redacted observability)",n/a,Improvement,Must,MVP,,"A task ID resolves to a complete trace; log secret-scanning finds zero hits in CI.","Telemetry loss degrades gracefully; never blocks user work.",
NFR-010,Non-functional,Security baseline,"OWASP ASVS-aligned controls: input validation, output encoding, CSRF protection, rate limiting, dependency scanning in CI, and third-party pen review before public beta.","Not an easy target.",Improvement (own design),"Engineering baseline; raw-audit/18 R-10/R-11",n/a,Improvement,Must,MVP,,"CI gates enforce dependency and static scanning; pen-test findings at high+ severity are closed before beta.","Known-vulnerable dependencies block deploy.",
NFR-011,Non-functional,Privacy,"Personal data is encrypted in transit and at rest; data map and retention schedule exist before beta; users can export and request deletion; no personal data in logs.","Regulatory-grade respect for data.",Improvement (own design),"raw-audit/18-risk-register.md R-14",n/a,Improvement,Must,Post-MVP,,"Data map covers all stores; deletion requests complete within stated SLA; log scans show zero personal-data hits.","Retention conflicts resolve to the stricter rule.",
NFR-012,Non-functional,Accessibility,"Core flows meet WCAG 2.1 AA: keyboard navigable, screen-reader labeled, color-independent state indicators.","Usable by everyone.",Improvement (own design),"raw-audit/11 NFR pattern",n/a,Improvement,Should,Post-MVP,,"Automated a11y checks in CI plus manual audit of the five core journeys.","A11y regressions block release of affected surfaces.",
NFR-013,Non-functional,Maintainability,"Codebase enforces typed interfaces, module boundaries, CI lint/typecheck/test gates, and per-module ownership documentation.","Sustainable velocity.",Improvement (own design),"Engineering baseline",n/a,Improvement,Should,MVP,,"CI gates green on every merge; module docs exist for each domain.","Gate failures block merge.",
NFR-014,Non-functional,Portability,"User-facing outputs (documents, data, generated code) export in open formats; no user artifact is locked to proprietary formats.","No hostage data.",Improvement (own design),"EXPORT-001/002 rationale",n/a,Improvement,Must,Post-MVP,,"Every artifact type has a documented open export format.","Non-exportable artifact types cannot ship.",
NFR-015,Non-functional,Cost control,"Per-task and per-company AI spend is metered with hard caps; a runaway task cannot exceed its budget by more than one billing increment.","Platform economics stay sane.",Improvement (own design),"POL-001; raw-audit/19 (task economics)",n/a,Improvement,Must,MVP,,"Budget-cap tests show enforcement within one increment; spend dashboards reconcile with provider bills.","Cap breaches halt the task and alert.",
NFR-016,Non-functional,Data retention,"Retention periods per data class are documented and enforced; deletion honors retention exceptions transparently.","Predictable data lifecycle.",Improvement (own design),"raw-audit/20-open-questions.md Q15/16 pattern",n/a,Improvement,Must,Post-MVP,,"Automated retention jobs run and log; exceptions are user-visible.","Retention-job failure alerts; nothing purges without a log.",
NFR-017,Non-functional,Backup and recovery,"Databases are backed up with tested restore; RPO ≤ 24h and RTO ≤ 4h for beta; restore drills run before beta and quarterly.","Disasters are survivable.",Improvement (own design),"Engineering baseline",n/a,Improvement,Must,Post-MVP,,"A documented restore drill succeeds within the stated RTO.","Backup failures alert within one cycle.",
NFR-018,Non-functional,Secret handling,"All platform and user secrets live in a managed secret store, referenced not copied; secrets never appear in logs, error messages, browser responses, or exports (CI-scanned).","No leaks, structurally.",Improvement (own design),"raw-audit/18-risk-register.md R-04; launch gates",n/a,Improvement,Must,MVP,,"Secret-scanning in CI and log pipelines shows zero findings; negative tests on API responses pass.","Detected exposure triggers immediate rotation runbook.",
NFR-019,Non-functional,Model-provider resilience,"AI provider outages degrade gracefully: work queues rather than fails permanently, users see honest status, and provider failover is possible by configuration (no single hardwired vendor).","AI dependency without AI fragility.",Improvement (own design),"raw-audit/18-risk-register.md R-13; vendor-neutrality rule",n/a,Improvement,Must,MVP,,"Simulated provider outage: tasks queue, status is honest, recovery drains the queue without duplicates.","Extended outages notify owners with options.",
NFR-020,Non-functional,Integration failure handling,"External integration failures are isolated per connection: one failing provider cannot stall unrelated work; failures surface health status and recovery guidance.","One bad link doesn't break the chain.",Improvement (own design),"raw-audit/18-risk-register.md R-08",n/a,Improvement,Must,Post-MVP,,"Fault-injection tests show isolation; health status updates within one check cycle.","Cascading-failure detection pauses only the affected scope.",
NFR-021,Non-functional,Prompt-injection defense,"Content from external sources (web, email, social) is treated as untrusted data: it cannot invoke tools, alter policies, or claim user authority; tool calls triggered while processing external content face heightened policy scrutiny.","The outside world can't hijack your AI team.",Improvement (own design),"raw-audit/18-risk-register.md R-11 (H/H)",n/a,Improvement,Must,MVP,,"Injection test corpus (instructions embedded in researched web content) produces zero unauthorized tool executions.","Suspected injection quarantines the content and flags the task.",
